{
    "339": {
        "meteor": {
            "precision": 19.715111599524406,
            "recall": 23.89394018800862,
            "f1": 21.60430819060465
        },
        "rouge-2": {
            "precision": 9.63855421686747,
            "recall": 6.666666666666667,
            "f1": 7.8817733990147785
        }
    },
    "314": {
        "meteor": {
            "precision": 20.84392384385513,
            "recall": 30.226951436783665,
            "f1": 24.6734864173781
        },
        "rouge-2": {
            "precision": 16.94915254237288,
            "recall": 14.084507042253522,
            "f1": 15.384615384615383
        }
    },
    "112": {
        "meteor": {
            "precision": 33.92161788756494,
            "recall": 37.707373309387506,
            "f1": 35.71445269772916
        },
        "rouge-2": {
            "precision": 23.655913978494624,
            "recall": 23.655913978494624,
            "f1": 23.655913978494624
        }
    },
    "116": {
        "meteor": {
            "precision": 20.99359204514281,
            "recall": 14.77552549120846,
            "f1": 17.344087625298496
        },
        "rouge-2": {
            "precision": 9.615384615384617,
            "recall": 4.807692307692308,
            "f1": 6.41025641025641
        }
    },
    "111": {
        "meteor": {
            "precision": 17.165969429612343,
            "recall": 27.366163938052612,
            "f1": 21.097876883099037
        },
        "rouge-2": {
            "precision": 4.0650406504065035,
            "recall": 6.25,
            "f1": 4.926108374384237
        }
    },
    "113": {
        "meteor": {
            "precision": 16.482580528189338,
            "recall": 31.74585468760946,
            "f1": 21.69896676031119
        },
        "rouge-2": {
            "precision": 5.524861878453039,
            "recall": 15.625,
            "f1": 8.16326530612245
        }
    },
    "127": {
        "meteor": {
            "precision": 17.127869797169122,
            "recall": 19.93882421162111,
            "f1": 18.4267625769
        },
        "rouge-2": {
            "precision": 4.3478260869565215,
            "recall": 2.547770700636943,
            "f1": 3.2128514056224904
        }
    },
    "335": {
        "meteor": {
            "precision": 27.5658376039511,
            "recall": 39.20195135331067,
            "f1": 32.36993890736954
        },
        "rouge-2": {
            "precision": 20.51282051282051,
            "recall": 21.62162162162162,
            "f1": 21.052631578947366
        }
    },
    "219": {
        "meteor": {
            "precision": 22.53292436253022,
            "recall": 28.892280688446366,
            "f1": 25.319396384259676
        },
        "rouge-2": {
            "precision": 10.344827586206897,
            "recall": 7.6923076923076925,
            "f1": 8.823529411764707
        }
    },
    "210": {
        "meteor": {
            "precision": 15.184291340401462,
            "recall": 27.109842042296844,
            "f1": 19.465760701974556
        },
        "rouge-2": {
            "precision": 3.6290322580645165,
            "recall": 8.49056603773585,
            "f1": 5.084745762711865
        }
    },
    "224": {
        "meteor": {
            "precision": 33.31621412840711,
            "recall": 44.54402940625953,
            "f1": 38.120569740582674
        },
        "rouge-2": {
            "precision": 18.478260869565215,
            "recall": 22.666666666666664,
            "f1": 20.35928143712575
        }
    },
    "118": {
        "meteor": {
            "precision": 21.29745015285842,
            "recall": 29.89437823768864,
            "f1": 24.874049252963815
        },
        "rouge-2": {
            "precision": 6.25,
            "recall": 13.559322033898304,
            "f1": 8.55614973262032
        }
    },
    "228": {
        "meteor": {
            "precision": 38.09693286787439,
            "recall": 29.010195812877782,
            "f1": 32.93836300536255
        },
        "rouge-2": {
            "precision": 27.692307692307693,
            "recall": 10.05586592178771,
            "f1": 14.754098360655737
        }
    },
    "220": {
        "meteor": {
            "precision": 24.19829228693151,
            "recall": 35.35480314252596,
            "f1": 28.731532895822863
        },
        "rouge-2": {
            "precision": 8.300395256916996,
            "recall": 13.125,
            "f1": 10.16949152542373
        }
    },
    "101": {
        "meteor": {
            "precision": 33.47201091822601,
            "recall": 22.439284594696634,
            "f1": 26.86712844195389
        },
        "rouge-2": {
            "precision": 10.714285714285714,
            "recall": 8.571428571428571,
            "f1": 9.523809523809524
        }
    },
    "223": {
        "meteor": {
            "precision": 24.668517924126334,
            "recall": 34.294822270448236,
            "f1": 28.695879001818252
        },
        "rouge-2": {
            "precision": 12.236286919831224,
            "recall": 11.068702290076336,
            "f1": 11.62324649298597
        }
    },
    "122": {
        "meteor": {
            "precision": 33.33323358674647,
            "recall": 17.558813077062055,
            "f1": 23.00131577219329
        },
        "rouge-2": {
            "precision": 26.53061224489796,
            "recall": 7.514450867052023,
            "f1": 11.711711711711711
        }
    },
    "236": {
        "meteor": {
            "precision": 16.417652685665004,
            "recall": 20.292282715550066,
            "f1": 18.150489570853182
        },
        "rouge-2": {
            "precision": 5.154639175257731,
            "recall": 2.2522522522522523,
            "f1": 3.1347962382445136
        }
    },
    "125": {
        "meteor": {
            "precision": 26.578097723222438,
            "recall": 23.876012671646354,
            "f1": 25.154699708765495
        },
        "rouge-2": {
            "precision": 19.51219512195122,
            "recall": 25.0,
            "f1": 21.917808219178085
        }
    }
}