{
    "339": {
        "meteor": {
            "precision": 30.12125385385258,
            "recall": 16.417808159857948,
            "f1": 21.252038434347696
        },
        "rouge-2": {
            "precision": 21.686746987951807,
            "recall": 1.643835616438356,
            "f1": 3.0560271646859083
        }
    },
    "314": {
        "meteor": {
            "precision": 19.86440917744352,
            "recall": 15.787989720230385,
            "f1": 17.593154883745566
        },
        "rouge-2": {
            "precision": 6.779661016949152,
            "recall": 1.4084507042253522,
            "f1": 2.3323615160349855
        }
    },
    "112": {
        "meteor": {
            "precision": 53.15617279306978,
            "recall": 30.756496871935497,
            "f1": 38.96664636605947
        },
        "rouge-2": {
            "precision": 38.70967741935484,
            "recall": 4.931506849315069,
            "f1": 8.748481166464154
        }
    },
    "116": {
        "meteor": {
            "precision": 25.918388114476414,
            "recall": 10.966215109731557,
            "f1": 15.41166744471392
        },
        "rouge-2": {
            "precision": 5.769230769230769,
            "recall": 0.5802707930367506,
            "f1": 1.054481546572935
        }
    },
    "111": {
        "meteor": {
            "precision": 36.19240070785311,
            "recall": 20.839644513250825,
            "f1": 26.44957801912007
        },
        "rouge-2": {
            "precision": 23.577235772357724,
            "recall": 5.06993006993007,
            "f1": 8.345323741007196
        }
    },
    "113": {
        "meteor": {
            "precision": 29.6714545755932,
            "recall": 24.11455739528349,
            "f1": 26.605950809370874
        },
        "rouge-2": {
            "precision": 19.337016574585636,
            "recall": 2.7237354085603114,
            "f1": 4.774897680763983
        }
    },
    "127": {
        "meteor": {
            "precision": 29.12454772678198,
            "recall": 16.059296497268523,
            "f1": 20.70296387239585
        },
        "rouge-2": {
            "precision": 21.73913043478261,
            "recall": 1.2492192379762648,
            "f1": 2.3626698168930886
        }
    },
    "335": {
        "meteor": {
            "precision": 36.84468266266412,
            "recall": 19.25398618171735,
            "f1": 25.291402647168024
        },
        "rouge-2": {
            "precision": 28.205128205128204,
            "recall": 4.835164835164836,
            "f1": 8.255159474671672
        }
    },
    "219": {
        "meteor": {
            "precision": 36.099312047005846,
            "recall": 20.121184712315422,
            "f1": 25.839719232466173
        },
        "rouge-2": {
            "precision": 24.137931034482758,
            "recall": 2.613565650280025,
            "f1": 4.716451431779899
        }
    },
    "210": {
        "meteor": {
            "precision": 26.771405047772245,
            "recall": 20.920838196150378,
            "f1": 23.48726732871459
        },
        "rouge-2": {
            "precision": 12.5,
            "recall": 2.972195589645254,
            "f1": 4.802478698683191
        }
    },
    "224": {
        "meteor": {
            "precision": 37.95087406450872,
            "recall": 25.64695928614224,
            "f1": 30.608732113230207
        },
        "rouge-2": {
            "precision": 23.91304347826087,
            "recall": 5.35279805352798,
            "f1": 8.747514910536779
        }
    },
    "118": {
        "meteor": {
            "precision": 36.12351180044854,
            "recall": 21.12202191284499,
            "f1": 26.65715762698199
        },
        "rouge-2": {
            "precision": 22.265625,
            "recall": 2.710413694721826,
            "f1": 4.832556167867741
        }
    },
    "228": {
        "meteor": {
            "precision": 42.875576470174394,
            "recall": 17.89475226750195,
            "f1": 25.250737825429233
        },
        "rouge-2": {
            "precision": 41.53846153846154,
            "recall": 2.6392961876832843,
            "f1": 4.963235294117648
        }
    },
    "220": {
        "meteor": {
            "precision": 30.11380564081635,
            "recall": 21.429151357735936,
            "f1": 25.039824511916187
        },
        "rouge-2": {
            "precision": 21.73913043478261,
            "recall": 2.826310380267215,
            "f1": 5.002273760800365
        }
    },
    "101": {
        "meteor": {
            "precision": 48.956057941696486,
            "recall": 27.44103146340017,
            "f1": 35.169002818385195
        },
        "rouge-2": {
            "precision": 33.33333333333333,
            "recall": 6.511627906976744,
            "f1": 10.894941634241247
        }
    },
    "223": {
        "meteor": {
            "precision": 35.46723130997085,
            "recall": 21.75399480540494,
            "f1": 26.967404163046364
        },
        "rouge-2": {
            "precision": 23.20675105485232,
            "recall": 2.314814814814815,
            "f1": 4.209720627631075
        }
    },
    "122": {
        "meteor": {
            "precision": 39.98710415485099,
            "recall": 13.035220021826232,
            "f1": 19.66117890107281
        },
        "rouge-2": {
            "precision": 24.489795918367346,
            "recall": 0.9389671361502347,
            "f1": 1.8085908063300675
        }
    },
    "236": {
        "meteor": {
            "precision": 30.754096492835902,
            "recall": 13.949787468967742,
            "f1": 19.19354972564571
        },
        "rouge-2": {
            "precision": 21.649484536082475,
            "recall": 0.9624197983501375,
            "f1": 1.842913558578324
        }
    },
    "125": {
        "meteor": {
            "precision": 25.140640297134027,
            "recall": 16.318437250493403,
            "f1": 19.7908870815909
        },
        "rouge-2": {
            "precision": 14.634146341463413,
            "recall": 2.1314387211367674,
            "f1": 3.7209302325581404
        }
    }
}