{
    "preprocess": {
        "preprocess": true,
        "spacy_model": "en_core_web_lg"
    },
    "entity": {
        "options_ent": [
            "dbpedia_spotlight"
        ],
        "confidence": 0.5,
        "db_spotlight_api": "http://localhost:2222/rest/annotate"
    },
    "relation": {
        "rebel_tokenizer": "Babelscape/rebel-large",
        "rebel_model": "./src/fine_tune_rebel/finetuned_rebel.pth",
        "options_rel": [
            "rebel"
        ],
        "local_rm": true
    },
    "summary": {
        "summary_method": null,
        "engine": null,
        "temperature": null,
        "summary_percentage": null
    },
    "ranking": {
        "ranking": "page_rank",
        "ranking_how": "all",
        "ranking_int_threshold": null,
        "ranking_perc_threshold": 0.15
    },
    "data": {
        "path": "src/data/Corpora_Falke/Wiki/train/",
        "type_d": "multi",
        "one_cm": false,
        "summary_path": null,
        "files": [
            {
                "gs": "src/data/Corpora_Falke/Wiki/train/339/339.cmap",
                "text": [
                    [
                        "M5",
                        "src/data/Corpora_Falke/Wiki/train/339/M5.txt"
                    ],
                    [
                        "M8",
                        "src/data/Corpora_Falke/Wiki/train/339/M8.txt"
                    ],
                    [
                        "M3",
                        "src/data/Corpora_Falke/Wiki/train/339/M3.txt"
                    ],
                    [
                        "M9",
                        "src/data/Corpora_Falke/Wiki/train/339/M9.txt"
                    ],
                    [
                        "M10",
                        "src/data/Corpora_Falke/Wiki/train/339/M10.txt"
                    ],
                    [
                        "M4",
                        "src/data/Corpora_Falke/Wiki/train/339/M4.txt"
                    ],
                    [
                        "M1",
                        "src/data/Corpora_Falke/Wiki/train/339/M1.txt"
                    ],
                    [
                        "M6",
                        "src/data/Corpora_Falke/Wiki/train/339/M6.txt"
                    ],
                    [
                        "M2",
                        "src/data/Corpora_Falke/Wiki/train/339/M2.txt"
                    ],
                    [
                        "M7",
                        "src/data/Corpora_Falke/Wiki/train/339/M7.txt"
                    ]
                ],
                "folder": "339"
            },
            {
                "gs": "src/data/Corpora_Falke/Wiki/train/314/314.cmap",
                "text": [
                    [
                        "M5",
                        "src/data/Corpora_Falke/Wiki/train/314/M5.txt"
                    ],
                    [
                        "M8",
                        "src/data/Corpora_Falke/Wiki/train/314/M8.txt"
                    ],
                    [
                        "M3",
                        "src/data/Corpora_Falke/Wiki/train/314/M3.txt"
                    ],
                    [
                        "M9",
                        "src/data/Corpora_Falke/Wiki/train/314/M9.txt"
                    ],
                    [
                        "M10",
                        "src/data/Corpora_Falke/Wiki/train/314/M10.txt"
                    ],
                    [
                        "M4",
                        "src/data/Corpora_Falke/Wiki/train/314/M4.txt"
                    ],
                    [
                        "M1",
                        "src/data/Corpora_Falke/Wiki/train/314/M1.txt"
                    ],
                    [
                        "M6",
                        "src/data/Corpora_Falke/Wiki/train/314/M6.txt"
                    ],
                    [
                        "M2",
                        "src/data/Corpora_Falke/Wiki/train/314/M2.txt"
                    ],
                    [
                        "M7",
                        "src/data/Corpora_Falke/Wiki/train/314/M7.txt"
                    ]
                ],
                "folder": "314"
            },
            {
                "gs": "src/data/Corpora_Falke/Wiki/train/112/112.cmap",
                "text": [
                    [
                        "M5",
                        "src/data/Corpora_Falke/Wiki/train/112/M5.txt"
                    ],
                    [
                        "M8",
                        "src/data/Corpora_Falke/Wiki/train/112/M8.txt"
                    ],
                    [
                        "M3",
                        "src/data/Corpora_Falke/Wiki/train/112/M3.txt"
                    ],
                    [
                        "M17",
                        "src/data/Corpora_Falke/Wiki/train/112/M17.txt"
                    ],
                    [
                        "M9",
                        "src/data/Corpora_Falke/Wiki/train/112/M9.txt"
                    ],
                    [
                        "M12",
                        "src/data/Corpora_Falke/Wiki/train/112/M12.txt"
                    ],
                    [
                        "M11",
                        "src/data/Corpora_Falke/Wiki/train/112/M11.txt"
                    ],
                    [
                        "M10",
                        "src/data/Corpora_Falke/Wiki/train/112/M10.txt"
                    ],
                    [
                        "M15",
                        "src/data/Corpora_Falke/Wiki/train/112/M15.txt"
                    ],
                    [
                        "M4",
                        "src/data/Corpora_Falke/Wiki/train/112/M4.txt"
                    ],
                    [
                        "M16",
                        "src/data/Corpora_Falke/Wiki/train/112/M16.txt"
                    ],
                    [
                        "M1",
                        "src/data/Corpora_Falke/Wiki/train/112/M1.txt"
                    ],
                    [
                        "M6",
                        "src/data/Corpora_Falke/Wiki/train/112/M6.txt"
                    ],
                    [
                        "M2",
                        "src/data/Corpora_Falke/Wiki/train/112/M2.txt"
                    ],
                    [
                        "M13",
                        "src/data/Corpora_Falke/Wiki/train/112/M13.txt"
                    ],
                    [
                        "M14",
                        "src/data/Corpora_Falke/Wiki/train/112/M14.txt"
                    ],
                    [
                        "M7",
                        "src/data/Corpora_Falke/Wiki/train/112/M7.txt"
                    ]
                ],
                "folder": "112"
            },
            {
                "gs": "src/data/Corpora_Falke/Wiki/train/116/116.cmap",
                "text": [
                    [
                        "M5",
                        "src/data/Corpora_Falke/Wiki/train/116/M5.txt"
                    ],
                    [
                        "M8",
                        "src/data/Corpora_Falke/Wiki/train/116/M8.txt"
                    ],
                    [
                        "M3",
                        "src/data/Corpora_Falke/Wiki/train/116/M3.txt"
                    ],
                    [
                        "M9",
                        "src/data/Corpora_Falke/Wiki/train/116/M9.txt"
                    ],
                    [
                        "M12",
                        "src/data/Corpora_Falke/Wiki/train/116/M12.txt"
                    ],
                    [
                        "M11",
                        "src/data/Corpora_Falke/Wiki/train/116/M11.txt"
                    ],
                    [
                        "M10",
                        "src/data/Corpora_Falke/Wiki/train/116/M10.txt"
                    ],
                    [
                        "M4",
                        "src/data/Corpora_Falke/Wiki/train/116/M4.txt"
                    ],
                    [
                        "M1",
                        "src/data/Corpora_Falke/Wiki/train/116/M1.txt"
                    ],
                    [
                        "M6",
                        "src/data/Corpora_Falke/Wiki/train/116/M6.txt"
                    ],
                    [
                        "M2",
                        "src/data/Corpora_Falke/Wiki/train/116/M2.txt"
                    ],
                    [
                        "M13",
                        "src/data/Corpora_Falke/Wiki/train/116/M13.txt"
                    ],
                    [
                        "M7",
                        "src/data/Corpora_Falke/Wiki/train/116/M7.txt"
                    ]
                ],
                "folder": "116"
            },
            {
                "gs": "src/data/Corpora_Falke/Wiki/train/111/111.cmap",
                "text": [
                    [
                        "M5",
                        "src/data/Corpora_Falke/Wiki/train/111/M5.txt"
                    ],
                    [
                        "M8",
                        "src/data/Corpora_Falke/Wiki/train/111/M8.txt"
                    ],
                    [
                        "M3",
                        "src/data/Corpora_Falke/Wiki/train/111/M3.txt"
                    ],
                    [
                        "M9",
                        "src/data/Corpora_Falke/Wiki/train/111/M9.txt"
                    ],
                    [
                        "M12",
                        "src/data/Corpora_Falke/Wiki/train/111/M12.txt"
                    ],
                    [
                        "M11",
                        "src/data/Corpora_Falke/Wiki/train/111/M11.txt"
                    ],
                    [
                        "M10",
                        "src/data/Corpora_Falke/Wiki/train/111/M10.txt"
                    ],
                    [
                        "M4",
                        "src/data/Corpora_Falke/Wiki/train/111/M4.txt"
                    ],
                    [
                        "M1",
                        "src/data/Corpora_Falke/Wiki/train/111/M1.txt"
                    ],
                    [
                        "M6",
                        "src/data/Corpora_Falke/Wiki/train/111/M6.txt"
                    ],
                    [
                        "M2",
                        "src/data/Corpora_Falke/Wiki/train/111/M2.txt"
                    ],
                    [
                        "M7",
                        "src/data/Corpora_Falke/Wiki/train/111/M7.txt"
                    ]
                ],
                "folder": "111"
            },
            {
                "gs": "src/data/Corpora_Falke/Wiki/train/113/113.cmap",
                "text": [
                    [
                        "M5",
                        "src/data/Corpora_Falke/Wiki/train/113/M5.txt"
                    ],
                    [
                        "M8",
                        "src/data/Corpora_Falke/Wiki/train/113/M8.txt"
                    ],
                    [
                        "M3",
                        "src/data/Corpora_Falke/Wiki/train/113/M3.txt"
                    ],
                    [
                        "M17",
                        "src/data/Corpora_Falke/Wiki/train/113/M17.txt"
                    ],
                    [
                        "M9",
                        "src/data/Corpora_Falke/Wiki/train/113/M9.txt"
                    ],
                    [
                        "M12",
                        "src/data/Corpora_Falke/Wiki/train/113/M12.txt"
                    ],
                    [
                        "M11",
                        "src/data/Corpora_Falke/Wiki/train/113/M11.txt"
                    ],
                    [
                        "M10",
                        "src/data/Corpora_Falke/Wiki/train/113/M10.txt"
                    ],
                    [
                        "M15",
                        "src/data/Corpora_Falke/Wiki/train/113/M15.txt"
                    ],
                    [
                        "M4",
                        "src/data/Corpora_Falke/Wiki/train/113/M4.txt"
                    ],
                    [
                        "M16",
                        "src/data/Corpora_Falke/Wiki/train/113/M16.txt"
                    ],
                    [
                        "M1",
                        "src/data/Corpora_Falke/Wiki/train/113/M1.txt"
                    ],
                    [
                        "M6",
                        "src/data/Corpora_Falke/Wiki/train/113/M6.txt"
                    ],
                    [
                        "M2",
                        "src/data/Corpora_Falke/Wiki/train/113/M2.txt"
                    ],
                    [
                        "M13",
                        "src/data/Corpora_Falke/Wiki/train/113/M13.txt"
                    ],
                    [
                        "M14",
                        "src/data/Corpora_Falke/Wiki/train/113/M14.txt"
                    ],
                    [
                        "M7",
                        "src/data/Corpora_Falke/Wiki/train/113/M7.txt"
                    ]
                ],
                "folder": "113"
            },
            {
                "gs": "src/data/Corpora_Falke/Wiki/train/127/127.cmap",
                "text": [
                    [
                        "M19",
                        "src/data/Corpora_Falke/Wiki/train/127/M19.txt"
                    ],
                    [
                        "M5",
                        "src/data/Corpora_Falke/Wiki/train/127/M5.txt"
                    ],
                    [
                        "M8",
                        "src/data/Corpora_Falke/Wiki/train/127/M8.txt"
                    ],
                    [
                        "M3",
                        "src/data/Corpora_Falke/Wiki/train/127/M3.txt"
                    ],
                    [
                        "M17",
                        "src/data/Corpora_Falke/Wiki/train/127/M17.txt"
                    ],
                    [
                        "M9",
                        "src/data/Corpora_Falke/Wiki/train/127/M9.txt"
                    ],
                    [
                        "M12",
                        "src/data/Corpora_Falke/Wiki/train/127/M12.txt"
                    ],
                    [
                        "M11",
                        "src/data/Corpora_Falke/Wiki/train/127/M11.txt"
                    ],
                    [
                        "M10",
                        "src/data/Corpora_Falke/Wiki/train/127/M10.txt"
                    ],
                    [
                        "M15",
                        "src/data/Corpora_Falke/Wiki/train/127/M15.txt"
                    ],
                    [
                        "M4",
                        "src/data/Corpora_Falke/Wiki/train/127/M4.txt"
                    ],
                    [
                        "M16",
                        "src/data/Corpora_Falke/Wiki/train/127/M16.txt"
                    ],
                    [
                        "M1",
                        "src/data/Corpora_Falke/Wiki/train/127/M1.txt"
                    ],
                    [
                        "M6",
                        "src/data/Corpora_Falke/Wiki/train/127/M6.txt"
                    ],
                    [
                        "M18",
                        "src/data/Corpora_Falke/Wiki/train/127/M18.txt"
                    ],
                    [
                        "M2",
                        "src/data/Corpora_Falke/Wiki/train/127/M2.txt"
                    ],
                    [
                        "M13",
                        "src/data/Corpora_Falke/Wiki/train/127/M13.txt"
                    ],
                    [
                        "M14",
                        "src/data/Corpora_Falke/Wiki/train/127/M14.txt"
                    ],
                    [
                        "M20",
                        "src/data/Corpora_Falke/Wiki/train/127/M20.txt"
                    ],
                    [
                        "M7",
                        "src/data/Corpora_Falke/Wiki/train/127/M7.txt"
                    ]
                ],
                "folder": "127"
            },
            {
                "gs": "src/data/Corpora_Falke/Wiki/train/335/335.cmap",
                "text": [
                    [
                        "M5",
                        "src/data/Corpora_Falke/Wiki/train/335/M5.txt"
                    ],
                    [
                        "M8",
                        "src/data/Corpora_Falke/Wiki/train/335/M8.txt"
                    ],
                    [
                        "M3",
                        "src/data/Corpora_Falke/Wiki/train/335/M3.txt"
                    ],
                    [
                        "M9",
                        "src/data/Corpora_Falke/Wiki/train/335/M9.txt"
                    ],
                    [
                        "M12",
                        "src/data/Corpora_Falke/Wiki/train/335/M12.txt"
                    ],
                    [
                        "M11",
                        "src/data/Corpora_Falke/Wiki/train/335/M11.txt"
                    ],
                    [
                        "M10",
                        "src/data/Corpora_Falke/Wiki/train/335/M10.txt"
                    ],
                    [
                        "M15",
                        "src/data/Corpora_Falke/Wiki/train/335/M15.txt"
                    ],
                    [
                        "M4",
                        "src/data/Corpora_Falke/Wiki/train/335/M4.txt"
                    ],
                    [
                        "M1",
                        "src/data/Corpora_Falke/Wiki/train/335/M1.txt"
                    ],
                    [
                        "M6",
                        "src/data/Corpora_Falke/Wiki/train/335/M6.txt"
                    ],
                    [
                        "M2",
                        "src/data/Corpora_Falke/Wiki/train/335/M2.txt"
                    ],
                    [
                        "M13",
                        "src/data/Corpora_Falke/Wiki/train/335/M13.txt"
                    ],
                    [
                        "M14",
                        "src/data/Corpora_Falke/Wiki/train/335/M14.txt"
                    ],
                    [
                        "M7",
                        "src/data/Corpora_Falke/Wiki/train/335/M7.txt"
                    ]
                ],
                "folder": "335"
            },
            {
                "gs": "src/data/Corpora_Falke/Wiki/train/219/219.cmap",
                "text": [
                    [
                        "M19",
                        "src/data/Corpora_Falke/Wiki/train/219/M19.txt"
                    ],
                    [
                        "M5",
                        "src/data/Corpora_Falke/Wiki/train/219/M5.txt"
                    ],
                    [
                        "M8",
                        "src/data/Corpora_Falke/Wiki/train/219/M8.txt"
                    ],
                    [
                        "M3",
                        "src/data/Corpora_Falke/Wiki/train/219/M3.txt"
                    ],
                    [
                        "M17",
                        "src/data/Corpora_Falke/Wiki/train/219/M17.txt"
                    ],
                    [
                        "M9",
                        "src/data/Corpora_Falke/Wiki/train/219/M9.txt"
                    ],
                    [
                        "M12",
                        "src/data/Corpora_Falke/Wiki/train/219/M12.txt"
                    ],
                    [
                        "M11",
                        "src/data/Corpora_Falke/Wiki/train/219/M11.txt"
                    ],
                    [
                        "M10",
                        "src/data/Corpora_Falke/Wiki/train/219/M10.txt"
                    ],
                    [
                        "M15",
                        "src/data/Corpora_Falke/Wiki/train/219/M15.txt"
                    ],
                    [
                        "M4",
                        "src/data/Corpora_Falke/Wiki/train/219/M4.txt"
                    ],
                    [
                        "M16",
                        "src/data/Corpora_Falke/Wiki/train/219/M16.txt"
                    ],
                    [
                        "M1",
                        "src/data/Corpora_Falke/Wiki/train/219/M1.txt"
                    ],
                    [
                        "M6",
                        "src/data/Corpora_Falke/Wiki/train/219/M6.txt"
                    ],
                    [
                        "M18",
                        "src/data/Corpora_Falke/Wiki/train/219/M18.txt"
                    ],
                    [
                        "M2",
                        "src/data/Corpora_Falke/Wiki/train/219/M2.txt"
                    ],
                    [
                        "M13",
                        "src/data/Corpora_Falke/Wiki/train/219/M13.txt"
                    ],
                    [
                        "M14",
                        "src/data/Corpora_Falke/Wiki/train/219/M14.txt"
                    ],
                    [
                        "M7",
                        "src/data/Corpora_Falke/Wiki/train/219/M7.txt"
                    ]
                ],
                "folder": "219"
            },
            {
                "gs": "src/data/Corpora_Falke/Wiki/train/210/210.cmap",
                "text": [
                    [
                        "M5",
                        "src/data/Corpora_Falke/Wiki/train/210/M5.txt"
                    ],
                    [
                        "M8",
                        "src/data/Corpora_Falke/Wiki/train/210/M8.txt"
                    ],
                    [
                        "M3",
                        "src/data/Corpora_Falke/Wiki/train/210/M3.txt"
                    ],
                    [
                        "M9",
                        "src/data/Corpora_Falke/Wiki/train/210/M9.txt"
                    ],
                    [
                        "M12",
                        "src/data/Corpora_Falke/Wiki/train/210/M12.txt"
                    ],
                    [
                        "M11",
                        "src/data/Corpora_Falke/Wiki/train/210/M11.txt"
                    ],
                    [
                        "M10",
                        "src/data/Corpora_Falke/Wiki/train/210/M10.txt"
                    ],
                    [
                        "M15",
                        "src/data/Corpora_Falke/Wiki/train/210/M15.txt"
                    ],
                    [
                        "M4",
                        "src/data/Corpora_Falke/Wiki/train/210/M4.txt"
                    ],
                    [
                        "M1",
                        "src/data/Corpora_Falke/Wiki/train/210/M1.txt"
                    ],
                    [
                        "M6",
                        "src/data/Corpora_Falke/Wiki/train/210/M6.txt"
                    ],
                    [
                        "M2",
                        "src/data/Corpora_Falke/Wiki/train/210/M2.txt"
                    ],
                    [
                        "M13",
                        "src/data/Corpora_Falke/Wiki/train/210/M13.txt"
                    ],
                    [
                        "M14",
                        "src/data/Corpora_Falke/Wiki/train/210/M14.txt"
                    ],
                    [
                        "M7",
                        "src/data/Corpora_Falke/Wiki/train/210/M7.txt"
                    ]
                ],
                "folder": "210"
            },
            {
                "gs": "src/data/Corpora_Falke/Wiki/train/224/224.cmap",
                "text": [
                    [
                        "M5",
                        "src/data/Corpora_Falke/Wiki/train/224/M5.txt"
                    ],
                    [
                        "M8",
                        "src/data/Corpora_Falke/Wiki/train/224/M8.txt"
                    ],
                    [
                        "M3",
                        "src/data/Corpora_Falke/Wiki/train/224/M3.txt"
                    ],
                    [
                        "M9",
                        "src/data/Corpora_Falke/Wiki/train/224/M9.txt"
                    ],
                    [
                        "M11",
                        "src/data/Corpora_Falke/Wiki/train/224/M11.txt"
                    ],
                    [
                        "M10",
                        "src/data/Corpora_Falke/Wiki/train/224/M10.txt"
                    ],
                    [
                        "M4",
                        "src/data/Corpora_Falke/Wiki/train/224/M4.txt"
                    ],
                    [
                        "M1",
                        "src/data/Corpora_Falke/Wiki/train/224/M1.txt"
                    ],
                    [
                        "M6",
                        "src/data/Corpora_Falke/Wiki/train/224/M6.txt"
                    ],
                    [
                        "M2",
                        "src/data/Corpora_Falke/Wiki/train/224/M2.txt"
                    ],
                    [
                        "M7",
                        "src/data/Corpora_Falke/Wiki/train/224/M7.txt"
                    ]
                ],
                "folder": "224"
            },
            {
                "gs": "src/data/Corpora_Falke/Wiki/train/118/118.cmap",
                "text": [
                    [
                        "M5",
                        "src/data/Corpora_Falke/Wiki/train/118/M5.txt"
                    ],
                    [
                        "M8",
                        "src/data/Corpora_Falke/Wiki/train/118/M8.txt"
                    ],
                    [
                        "M3",
                        "src/data/Corpora_Falke/Wiki/train/118/M3.txt"
                    ],
                    [
                        "M9",
                        "src/data/Corpora_Falke/Wiki/train/118/M9.txt"
                    ],
                    [
                        "M12",
                        "src/data/Corpora_Falke/Wiki/train/118/M12.txt"
                    ],
                    [
                        "M11",
                        "src/data/Corpora_Falke/Wiki/train/118/M11.txt"
                    ],
                    [
                        "M10",
                        "src/data/Corpora_Falke/Wiki/train/118/M10.txt"
                    ],
                    [
                        "M15",
                        "src/data/Corpora_Falke/Wiki/train/118/M15.txt"
                    ],
                    [
                        "M4",
                        "src/data/Corpora_Falke/Wiki/train/118/M4.txt"
                    ],
                    [
                        "M1",
                        "src/data/Corpora_Falke/Wiki/train/118/M1.txt"
                    ],
                    [
                        "M6",
                        "src/data/Corpora_Falke/Wiki/train/118/M6.txt"
                    ],
                    [
                        "M2",
                        "src/data/Corpora_Falke/Wiki/train/118/M2.txt"
                    ],
                    [
                        "M13",
                        "src/data/Corpora_Falke/Wiki/train/118/M13.txt"
                    ],
                    [
                        "M14",
                        "src/data/Corpora_Falke/Wiki/train/118/M14.txt"
                    ],
                    [
                        "M7",
                        "src/data/Corpora_Falke/Wiki/train/118/M7.txt"
                    ]
                ],
                "folder": "118"
            },
            {
                "gs": "src/data/Corpora_Falke/Wiki/train/228/228.cmap",
                "text": [
                    [
                        "M5",
                        "src/data/Corpora_Falke/Wiki/train/228/M5.txt"
                    ],
                    [
                        "M8",
                        "src/data/Corpora_Falke/Wiki/train/228/M8.txt"
                    ],
                    [
                        "M3",
                        "src/data/Corpora_Falke/Wiki/train/228/M3.txt"
                    ],
                    [
                        "M9",
                        "src/data/Corpora_Falke/Wiki/train/228/M9.txt"
                    ],
                    [
                        "M12",
                        "src/data/Corpora_Falke/Wiki/train/228/M12.txt"
                    ],
                    [
                        "M11",
                        "src/data/Corpora_Falke/Wiki/train/228/M11.txt"
                    ],
                    [
                        "M10",
                        "src/data/Corpora_Falke/Wiki/train/228/M10.txt"
                    ],
                    [
                        "M15",
                        "src/data/Corpora_Falke/Wiki/train/228/M15.txt"
                    ],
                    [
                        "M4",
                        "src/data/Corpora_Falke/Wiki/train/228/M4.txt"
                    ],
                    [
                        "M16",
                        "src/data/Corpora_Falke/Wiki/train/228/M16.txt"
                    ],
                    [
                        "M1",
                        "src/data/Corpora_Falke/Wiki/train/228/M1.txt"
                    ],
                    [
                        "M6",
                        "src/data/Corpora_Falke/Wiki/train/228/M6.txt"
                    ],
                    [
                        "M2",
                        "src/data/Corpora_Falke/Wiki/train/228/M2.txt"
                    ],
                    [
                        "M13",
                        "src/data/Corpora_Falke/Wiki/train/228/M13.txt"
                    ],
                    [
                        "M14",
                        "src/data/Corpora_Falke/Wiki/train/228/M14.txt"
                    ],
                    [
                        "M7",
                        "src/data/Corpora_Falke/Wiki/train/228/M7.txt"
                    ]
                ],
                "folder": "228"
            },
            {
                "gs": "src/data/Corpora_Falke/Wiki/train/220/220.cmap",
                "text": [
                    [
                        "M5",
                        "src/data/Corpora_Falke/Wiki/train/220/M5.txt"
                    ],
                    [
                        "M8",
                        "src/data/Corpora_Falke/Wiki/train/220/M8.txt"
                    ],
                    [
                        "M3",
                        "src/data/Corpora_Falke/Wiki/train/220/M3.txt"
                    ],
                    [
                        "M9",
                        "src/data/Corpora_Falke/Wiki/train/220/M9.txt"
                    ],
                    [
                        "M12",
                        "src/data/Corpora_Falke/Wiki/train/220/M12.txt"
                    ],
                    [
                        "M11",
                        "src/data/Corpora_Falke/Wiki/train/220/M11.txt"
                    ],
                    [
                        "M10",
                        "src/data/Corpora_Falke/Wiki/train/220/M10.txt"
                    ],
                    [
                        "M15",
                        "src/data/Corpora_Falke/Wiki/train/220/M15.txt"
                    ],
                    [
                        "M4",
                        "src/data/Corpora_Falke/Wiki/train/220/M4.txt"
                    ],
                    [
                        "M1",
                        "src/data/Corpora_Falke/Wiki/train/220/M1.txt"
                    ],
                    [
                        "M6",
                        "src/data/Corpora_Falke/Wiki/train/220/M6.txt"
                    ],
                    [
                        "M2",
                        "src/data/Corpora_Falke/Wiki/train/220/M2.txt"
                    ],
                    [
                        "M13",
                        "src/data/Corpora_Falke/Wiki/train/220/M13.txt"
                    ],
                    [
                        "M14",
                        "src/data/Corpora_Falke/Wiki/train/220/M14.txt"
                    ],
                    [
                        "M7",
                        "src/data/Corpora_Falke/Wiki/train/220/M7.txt"
                    ]
                ],
                "folder": "220"
            },
            {
                "gs": "src/data/Corpora_Falke/Wiki/train/101/101.cmap",
                "text": [
                    [
                        "M5",
                        "src/data/Corpora_Falke/Wiki/train/101/M5.txt"
                    ],
                    [
                        "M8",
                        "src/data/Corpora_Falke/Wiki/train/101/M8.txt"
                    ],
                    [
                        "M3",
                        "src/data/Corpora_Falke/Wiki/train/101/M3.txt"
                    ],
                    [
                        "M9",
                        "src/data/Corpora_Falke/Wiki/train/101/M9.txt"
                    ],
                    [
                        "M11",
                        "src/data/Corpora_Falke/Wiki/train/101/M11.txt"
                    ],
                    [
                        "M10",
                        "src/data/Corpora_Falke/Wiki/train/101/M10.txt"
                    ],
                    [
                        "M4",
                        "src/data/Corpora_Falke/Wiki/train/101/M4.txt"
                    ],
                    [
                        "M1",
                        "src/data/Corpora_Falke/Wiki/train/101/M1.txt"
                    ],
                    [
                        "M6",
                        "src/data/Corpora_Falke/Wiki/train/101/M6.txt"
                    ],
                    [
                        "M2",
                        "src/data/Corpora_Falke/Wiki/train/101/M2.txt"
                    ],
                    [
                        "M7",
                        "src/data/Corpora_Falke/Wiki/train/101/M7.txt"
                    ]
                ],
                "folder": "101"
            },
            {
                "gs": "src/data/Corpora_Falke/Wiki/train/223/223.cmap",
                "text": [
                    [
                        "M19",
                        "src/data/Corpora_Falke/Wiki/train/223/M19.txt"
                    ],
                    [
                        "M5",
                        "src/data/Corpora_Falke/Wiki/train/223/M5.txt"
                    ],
                    [
                        "M8",
                        "src/data/Corpora_Falke/Wiki/train/223/M8.txt"
                    ],
                    [
                        "M3",
                        "src/data/Corpora_Falke/Wiki/train/223/M3.txt"
                    ],
                    [
                        "M17",
                        "src/data/Corpora_Falke/Wiki/train/223/M17.txt"
                    ],
                    [
                        "M9",
                        "src/data/Corpora_Falke/Wiki/train/223/M9.txt"
                    ],
                    [
                        "M12",
                        "src/data/Corpora_Falke/Wiki/train/223/M12.txt"
                    ],
                    [
                        "M11",
                        "src/data/Corpora_Falke/Wiki/train/223/M11.txt"
                    ],
                    [
                        "M10",
                        "src/data/Corpora_Falke/Wiki/train/223/M10.txt"
                    ],
                    [
                        "M15",
                        "src/data/Corpora_Falke/Wiki/train/223/M15.txt"
                    ],
                    [
                        "M4",
                        "src/data/Corpora_Falke/Wiki/train/223/M4.txt"
                    ],
                    [
                        "M16",
                        "src/data/Corpora_Falke/Wiki/train/223/M16.txt"
                    ],
                    [
                        "M1",
                        "src/data/Corpora_Falke/Wiki/train/223/M1.txt"
                    ],
                    [
                        "M6",
                        "src/data/Corpora_Falke/Wiki/train/223/M6.txt"
                    ],
                    [
                        "M18",
                        "src/data/Corpora_Falke/Wiki/train/223/M18.txt"
                    ],
                    [
                        "M2",
                        "src/data/Corpora_Falke/Wiki/train/223/M2.txt"
                    ],
                    [
                        "M13",
                        "src/data/Corpora_Falke/Wiki/train/223/M13.txt"
                    ],
                    [
                        "M14",
                        "src/data/Corpora_Falke/Wiki/train/223/M14.txt"
                    ],
                    [
                        "M7",
                        "src/data/Corpora_Falke/Wiki/train/223/M7.txt"
                    ]
                ],
                "folder": "223"
            },
            {
                "gs": "src/data/Corpora_Falke/Wiki/train/122/122.cmap",
                "text": [
                    [
                        "M5",
                        "src/data/Corpora_Falke/Wiki/train/122/M5.txt"
                    ],
                    [
                        "M8",
                        "src/data/Corpora_Falke/Wiki/train/122/M8.txt"
                    ],
                    [
                        "M3",
                        "src/data/Corpora_Falke/Wiki/train/122/M3.txt"
                    ],
                    [
                        "M9",
                        "src/data/Corpora_Falke/Wiki/train/122/M9.txt"
                    ],
                    [
                        "M12",
                        "src/data/Corpora_Falke/Wiki/train/122/M12.txt"
                    ],
                    [
                        "M11",
                        "src/data/Corpora_Falke/Wiki/train/122/M11.txt"
                    ],
                    [
                        "M10",
                        "src/data/Corpora_Falke/Wiki/train/122/M10.txt"
                    ],
                    [
                        "M15",
                        "src/data/Corpora_Falke/Wiki/train/122/M15.txt"
                    ],
                    [
                        "M4",
                        "src/data/Corpora_Falke/Wiki/train/122/M4.txt"
                    ],
                    [
                        "M1",
                        "src/data/Corpora_Falke/Wiki/train/122/M1.txt"
                    ],
                    [
                        "M6",
                        "src/data/Corpora_Falke/Wiki/train/122/M6.txt"
                    ],
                    [
                        "M2",
                        "src/data/Corpora_Falke/Wiki/train/122/M2.txt"
                    ],
                    [
                        "M13",
                        "src/data/Corpora_Falke/Wiki/train/122/M13.txt"
                    ],
                    [
                        "M14",
                        "src/data/Corpora_Falke/Wiki/train/122/M14.txt"
                    ],
                    [
                        "M7",
                        "src/data/Corpora_Falke/Wiki/train/122/M7.txt"
                    ]
                ],
                "folder": "122"
            },
            {
                "gs": "src/data/Corpora_Falke/Wiki/train/236/236.cmap",
                "text": [
                    [
                        "M5",
                        "src/data/Corpora_Falke/Wiki/train/236/M5.txt"
                    ],
                    [
                        "M8",
                        "src/data/Corpora_Falke/Wiki/train/236/M8.txt"
                    ],
                    [
                        "M3",
                        "src/data/Corpora_Falke/Wiki/train/236/M3.txt"
                    ],
                    [
                        "M9",
                        "src/data/Corpora_Falke/Wiki/train/236/M9.txt"
                    ],
                    [
                        "M12",
                        "src/data/Corpora_Falke/Wiki/train/236/M12.txt"
                    ],
                    [
                        "M11",
                        "src/data/Corpora_Falke/Wiki/train/236/M11.txt"
                    ],
                    [
                        "M10",
                        "src/data/Corpora_Falke/Wiki/train/236/M10.txt"
                    ],
                    [
                        "M4",
                        "src/data/Corpora_Falke/Wiki/train/236/M4.txt"
                    ],
                    [
                        "M1",
                        "src/data/Corpora_Falke/Wiki/train/236/M1.txt"
                    ],
                    [
                        "M6",
                        "src/data/Corpora_Falke/Wiki/train/236/M6.txt"
                    ],
                    [
                        "M2",
                        "src/data/Corpora_Falke/Wiki/train/236/M2.txt"
                    ],
                    [
                        "M13",
                        "src/data/Corpora_Falke/Wiki/train/236/M13.txt"
                    ],
                    [
                        "M7",
                        "src/data/Corpora_Falke/Wiki/train/236/M7.txt"
                    ]
                ],
                "folder": "236"
            },
            {
                "gs": "src/data/Corpora_Falke/Wiki/train/125/125.cmap",
                "text": [
                    [
                        "M5",
                        "src/data/Corpora_Falke/Wiki/train/125/M5.txt"
                    ],
                    [
                        "M8",
                        "src/data/Corpora_Falke/Wiki/train/125/M8.txt"
                    ],
                    [
                        "M3",
                        "src/data/Corpora_Falke/Wiki/train/125/M3.txt"
                    ],
                    [
                        "M9",
                        "src/data/Corpora_Falke/Wiki/train/125/M9.txt"
                    ],
                    [
                        "M12",
                        "src/data/Corpora_Falke/Wiki/train/125/M12.txt"
                    ],
                    [
                        "M11",
                        "src/data/Corpora_Falke/Wiki/train/125/M11.txt"
                    ],
                    [
                        "M10",
                        "src/data/Corpora_Falke/Wiki/train/125/M10.txt"
                    ],
                    [
                        "M4",
                        "src/data/Corpora_Falke/Wiki/train/125/M4.txt"
                    ],
                    [
                        "M1",
                        "src/data/Corpora_Falke/Wiki/train/125/M1.txt"
                    ],
                    [
                        "M6",
                        "src/data/Corpora_Falke/Wiki/train/125/M6.txt"
                    ],
                    [
                        "M2",
                        "src/data/Corpora_Falke/Wiki/train/125/M2.txt"
                    ],
                    [
                        "M13",
                        "src/data/Corpora_Falke/Wiki/train/125/M13.txt"
                    ],
                    [
                        "M7",
                        "src/data/Corpora_Falke/Wiki/train/125/M7.txt"
                    ]
                ],
                "folder": "125"
            }
        ]
    }
}