{
    "339": {
        "meteor": {
            "precision": 31.688203984370865,
            "recall": 16.137883357280206,
            "f1": 21.38500421530928
        },
        "rouge-2": {
            "precision": 24.096385542168676,
            "recall": 2.5,
            "f1": 4.530011325028313
        }
    },
    "314": {
        "meteor": {
            "precision": 23.224090879369612,
            "recall": 23.962973980172734,
            "f1": 23.587747494447502
        },
        "rouge-2": {
            "precision": 22.033898305084744,
            "recall": 5.241935483870968,
            "f1": 8.469055374592834
        }
    },
    "112": {
        "meteor": {
            "precision": 51.65416397838547,
            "recall": 26.963760228195593,
            "f1": 35.43188163150443
        },
        "rouge-2": {
            "precision": 36.55913978494624,
            "recall": 6.513409961685824,
            "f1": 11.05691056910569
        }
    },
    "116": {
        "meteor": {
            "precision": 26.372362900933695,
            "recall": 13.382682298891407,
            "f1": 17.755379343692383
        },
        "rouge-2": {
            "precision": 15.384615384615385,
            "recall": 1.9656019656019657,
            "f1": 3.4858387799564268
        }
    },
    "111": {
        "meteor": {
            "precision": 33.100589942988094,
            "recall": 24.52988739661314,
            "f1": 28.17792881632174
        },
        "rouge-2": {
            "precision": 17.88617886178862,
            "recall": 3.8327526132404177,
            "f1": 6.312769010043041
        }
    },
    "113": {
        "meteor": {
            "precision": 31.554624900340595,
            "recall": 28.425417462945155,
            "f1": 29.908394537175507
        },
        "rouge-2": {
            "precision": 15.469613259668508,
            "recall": 3.8942976356050067,
            "f1": 6.222222222222222
        }
    },
    "127": {
        "meteor": {
            "precision": 28.171954884001888,
            "recall": 18.03693434090571,
            "f1": 21.99298485728602
        },
        "rouge-2": {
            "precision": 15.217391304347828,
            "recall": 1.4583333333333333,
            "f1": 2.6615969581749046
        }
    },
    "335": {
        "meteor": {
            "precision": 34.48351120550813,
            "recall": 22.24729975704724,
            "f1": 27.045797422878255
        },
        "rouge-2": {
            "precision": 25.64102564102564,
            "recall": 4.854368932038835,
            "f1": 8.16326530612245
        }
    },
    "219": {
        "meteor": {
            "precision": 35.79857492290668,
            "recall": 20.967420781644375,
            "f1": 26.445542775236802
        },
        "rouge-2": {
            "precision": 22.413793103448278,
            "recall": 2.9017857142857144,
            "f1": 5.138339920948617
        }
    },
    "210": {
        "meteor": {
            "precision": 26.939164136522358,
            "recall": 23.38255081451606,
            "f1": 25.035171195405542
        },
        "rouge-2": {
            "precision": 12.903225806451612,
            "recall": 3.8834951456310676,
            "f1": 5.970149253731343
        }
    },
    "224": {
        "meteor": {
            "precision": 38.40184205672115,
            "recall": 27.17683424784801,
            "f1": 31.82865392221509
        },
        "rouge-2": {
            "precision": 25.0,
            "recall": 5.191873589164786,
            "f1": 8.598130841121494
        }
    },
    "118": {
        "meteor": {
            "precision": 29.56931288520875,
            "recall": 24.510501430052845,
            "f1": 26.803297863915137
        },
        "rouge-2": {
            "precision": 12.5,
            "recall": 6.299212598425196,
            "f1": 8.37696335078534
        }
    },
    "228": {
        "meteor": {
            "precision": 42.83414649299746,
            "recall": 20.017218412566287,
            "f1": 27.284068282510432
        },
        "rouge-2": {
            "precision": 43.07692307692308,
            "recall": 2.6515151515151514,
            "f1": 4.9955396966993755
        }
    },
    "220": {
        "meteor": {
            "precision": 29.992771273872826,
            "recall": 23.33692334549553,
            "f1": 26.24950355080959
        },
        "rouge-2": {
            "precision": 16.99604743083004,
            "recall": 4.308617234468938,
            "f1": 6.874500399680255
        }
    },
    "101": {
        "meteor": {
            "precision": 51.131892018337155,
            "recall": 24.327173805906384,
            "f1": 32.96872047295572
        },
        "rouge-2": {
            "precision": 38.095238095238095,
            "recall": 5.850091407678245,
            "f1": 10.142630744849445
        }
    },
    "223": {
        "meteor": {
            "precision": 33.50119320159121,
            "recall": 24.397721561326712,
            "f1": 28.233785971688622
        },
        "rouge-2": {
            "precision": 21.09704641350211,
            "recall": 3.0883261272390365,
            "f1": 5.387931034482759
        }
    },
    "122": {
        "meteor": {
            "precision": 40.989390769430976,
            "recall": 15.881612545896237,
            "f1": 22.89312952975438
        },
        "rouge-2": {
            "precision": 32.6530612244898,
            "recall": 1.7679558011049725,
            "f1": 3.354297693920336
        }
    },
    "236": {
        "meteor": {
            "precision": 25.881271433358766,
            "recall": 15.224466791526032,
            "f1": 19.1714624028381
        },
        "rouge-2": {
            "precision": 16.49484536082474,
            "recall": 1.0256410256410255,
            "f1": 1.931200965600483
        }
    },
    "125": {
        "meteor": {
            "precision": 39.072842886978684,
            "recall": 14.291535972608477,
            "f1": 20.92822784054626
        },
        "rouge-2": {
            "precision": 35.36585365853659,
            "recall": 5.234657039711191,
            "f1": 9.119496855345911
        }
    }
}